title,price,img,description
Toyota Land Cruiser Prado,$34900,https://im.mashina.kg/tachka/images//a/8/3/a838d7e10387d789ed8717e4d17a3792_240x180.jpg,–û–ø–∏—Å–∞–Ω–∏–µ –æ—Ç—Å—É—Ç—Å—Ç–≤—É–µ—Ç
Kia K7,$21500,https://im.mashina.kg/tachka/images//4/4/8/448bfaf22e55b17b660c2c40b959d44f_240x180.jpg,"–ú–∞—à–∏–Ω–∞ –≤ –∏–¥–µ–∞–ª—å–Ω–æ–º —Å–æ—Å—Ç–æ—è–Ω–∏–∏ 
–ü—Ä–∏–±–∏–ª 20.12.23 ! 
–†–∞—Å—Ç–∞–º–æ–∂–µ–Ω ! 
–û—Ç–¥–∞—ë–º –Ω–∏–∂–µ —Ä—ã–Ω–æ—á–Ω–æ–π ! –°—Ä–æ—á–Ω–∞—è —Ü–µ–Ω–∞ !
–¢–æ—Ä–≥ —É –∫–∞–ø–æ—Ç–∞ ! 


"
Kia K9,$40000,https://im.mashina.kg/tachka/images//1/1/7/1173c6620021d6c10668cb3ef45cf04b_240x180.jpg,"KIA K9
–ì–æ–¥: 2022
–ü—Ä–æ–±–µ–≥: 28—Ç—ã—Å. –∫–º
–û–±—ä—ë–º: 3.8 –±–µ–Ω–∑–∏–Ω
–ü—Ä–∏–≤–æ–¥: –ü–æ–ª–Ω—ã–π –ø—Ä–∏–≤–æ–¥
–í —Å–∞–º–æ–π –ø–æ–ª–Ω–æ–π –∫–æ–º–ø–ª–µ–∫—Ç–∞—Ü–∏–∏:
–î–∞—Ç—á–∏–∫ —É–¥–µ—Ä–∂–∞–Ω–∏—è –ø–æ–ª–æ—Å—ã, –¥–∏—Å—Ç—Ä–æ–Ω–∏–∫, –¥–∏–æ–¥–Ω–∞—è led-–æ–ø—Ç–∏–∫–∞, –∞–∫—É—Å—Ç–∏–∫–∞ KRELL, –∑–∞–¥–Ω–∏–µ —à—Ç–æ—Ä–∫–∏ –Ω–∞ –¥–≤–µ—Ä—è—Ö –∏ –Ω–∞ –∑–∞–¥–Ω–µ–º –ª–æ–±–æ–≤–æ–º, –ø–æ–¥–æ–≥—Ä–µ–≤—ã –∏ –æ–±–¥—É–≤—ã –≤—Å–µ—Ö —Å–∏–¥–µ–Ω–∏–π, –∫–∞–º–µ—Ä–∞ 360, –∫–æ—Ä–∏—á–Ω–µ–≤—ã–π –∫–æ–∂. —Å–∞–ª–æ–Ω, 4-—Ö –∑–æ–Ω–Ω—ã–π –∫–ª–∏–º–∞—Ç-–∫–æ–Ω—Ç—Ä–æ–ª—å, –ª—é–∫, –º—É–ª—å—Ç–∏-—Ä—É–ª—å –∫–æ–º–±–∏–Ω–∏—Ä–æ–≤–∞–Ω–Ω—ã–π —Å –∫–æ–∂–µ–π –∏ –¥–µ—Ä–µ–≤–æ–º, –æ–±–æ–≥—Ä–µ–≤ —Ä—É–ª—è
–¶–µ–Ω–∞ : 40.000$
–¢–µ–ª–µ—Ñ–æ–Ω: +996 888 200000"
Porsche Macan,$37500,https://im.mashina.kg/tachka/images//6/7/e/67ecd9b642c57ca3bc500f4ce5fc8ad6_240x180.jpg,"–≠–∫—Å–∫–ª—é–∑–∏–≤–Ω–æ–µ –∞–≤—Ç–æ
Porsche Macan
–ì–æ–¥: 2019
–ü—Ä–æ–±–µ–≥: 44—Ç—ã—Å. –∫–º –æ—Ä–∏–≥–∏–Ω–∞–ª
–û–±—ä–µ–º: 2.0 —Ç—É—Ä–±–æ
–ù–µ—Å–∫–æ–ª—å–∫–æ —Ä–µ–∂–∏–º–æ–≤ –µ–∑–¥—ã, –ø–æ–¥–æ–≥—Ä–µ–≤—ã —Å–∏–¥–µ–Ω–∏–π, –¥–∞—Ç—á–∏–∫ —É–¥–µ—Ä–∂–∞–Ω–∏—è –ø–æ–ª–æ—Å—ã, off road —Ä–µ–∂–∏–º, –±–æ–ª—å—à–æ–π –º–æ–Ω–∏—Ç–æ—Ä, –ø–∞–Ω–æ—Ä–∞–º–Ω–∞—è –∫—Ä—ã—à–∞, —Å–≤–µ—Ç–ª—ã–π –∫–æ–∂. —Å–∞–ª–æ–Ω, –¥–∏—Å—Ç—Ä–æ–Ω–∏–∫, 2-—Ö –∑–æ–Ω–Ω—ã–π –∫–ª–∏–º–∞—Ç-–∫–æ–Ω—Ç—Ä–æ–ª—å –∏ –º–Ω–æ–≥–æ–µ –¥—Ä.
–ê–≤—Ç–æ –∏–∑ –ö–æ—Ä–µ–∏ 
–í –æ—Ç–ª–∏—á–Ω–æ–º —Ç–µ—Ö–Ω–∏—á–µ—Å–∫–æ–º —Å–æ—Å—Ç–æ—è–Ω–∏–∏!!
–¶–µ–Ω–∞: 37.500$
–ö–æ–Ω—Ç–∞–∫—Ç—ã: +996 888 200 000"
Lexus RX,$54000,https://im.mashina.kg/tachka/images//1/2/b/12b84e15de029e9cb92481dc1f9b9945_240x180.jpg,–°—Ä–æ—á–Ω–æ –Ω—É–∂–Ω—ã –¥–µ–Ω—å–≥–∏ 
Toyota Land Cruiser,$95000,https://im.mashina.kg/tachka/images//0/f/e/0feb16ef69b0d80c4079640b4378adc6_240x180.jpg,"–ü—Ä–æ–¥a–º a–≤—Ç–æ–º–æ–±–∏–ª—å 
L–êND - –°RUIS–ïR 200 
–ß–∏—Å—Ç—ã–π –Ø–ø–æ–Ω–µ—Ü
–í—Å–µ T–û —É o—Ñ–∏—Ü–∏–∞–ª—å–Ωo–≥–æ –¥–∏–ª–µ—Ä–∞.
–ì–æ–¥ –≤—ã–ø—É—Å–∫a-2019 —Å –æ—Ä–∏–≥–∏–Ω–∞–ª—å–Ω—ã–º –ø—Ä–æ–±–µ–≥–æ–º!!!
O–¥–∏–Ω xo–∑—è–∏–Ω.
Ko–º–ª–µ–∫—Ç–∞—Ü–∏—è - –¢RD
C–∞–º–∞—è –úa–∫—Å–∏–ºa–ª—å–Ω–∞—è!!!
–í o—Ç–ª–∏—á–Ωo–º —Åo—Å—Ço—è–Ω–∏–∏ 
–ë–µ–∑ –≤–ª–æ–∂–µ–Ω–∏–∏, –¢–û –≤—Å–µ –ø—Ä–æ–π–¥–µ–Ω—ã 100%!!!
–í p–æ–¥–Ωo–º –æ–∫pa—Å–∫e, –±–µ–∑ –¥—Ç–ø!!!
"
Geely Monjaro,$29300,https://im.mashina.kg/tachka/images//9/8/d/98d72a47903d9b55a2f91c94059f2445_240x180.jpg,–û–ø–∏—Å–∞–Ω–∏–µ –æ—Ç—Å—É—Ç—Å—Ç–≤—É–µ—Ç
Polestar 1,$58500,https://im.mashina.kg/tachka/images//c/c/1/cc195fe5688bdbe139da6930b6a57c40_240x180.jpg,–û–ø–∏—Å–∞–Ω–∏–µ –æ—Ç—Å—É—Ç—Å—Ç–≤—É–µ—Ç
Tesla Model 3,$31500,https://im.mashina.kg/tachka/images//9/9/e/99e6ef74023c597087233ff3e7d7c314_240x180.jpg,"Tesla Model 3 Long Range 
–ì–æ–¥: 2020
–ü—Ä–æ–±–µ–≥: 16 000 –∫–º
–ï–º–∫–æ—Å—Ç—å –±–∞—Ç–∞—Ä–µ–∏ 
–ó–∞–ø–∞—Å —Ö–æ–¥–∞: 500 –∫–º
–†–∞–∑–≥–æ–Ω –æ—Ç 0-100 –∑–∞ 4.4 —Å–µ–∫—É–Ω–¥—ã
–ú–∞–∫—Å–∏–º–∞–ª—å–Ω–∞—è —Å–∫–æ—Ä–æ—Å—Ç—å: 233–∫–º/—á
–ü—Ä–∏–≤–æ–¥: –ü–æ–ª–Ω—ã–π 
–ú–∞—à–∏–Ω–∞ –∏–∑ –ö–æ—Ä–µ–µ –≤ –æ—Ç–ª–∏—á–Ω–æ–º —Å–æ—Å—Ç–æ—è–Ω–∏–∏
–ü–æ–∫—É–ø–∞–ª–∞—Å—å –¥–ª—è —Å–µ–±—è, –º–∞—à–∏–Ω–∞ –≤ –æ—Ç–ª–∏—á–Ω–æ–º —Ç–µ—Ö–Ω–∏—á–µ—Å–∫–æ–º —Å–æ—Å—Ç–æ—è–Ω–∏–∏, –ø–∞–Ω–æ—Ä–∞–º–Ω–∞—è –∫—Ä—ã—à–∞, —á–µ—Ä–Ω—ã–π –∫–æ–∂. —Å–∞–ª–æ–Ω, –æ—Ç–¥–µ–ª–∫–∞ —Å–∞–ª–æ–Ω–∞ –∏–∑ –¥–µ—Ä–µ–≤–∞, –¥–∏—Å–∫–∏ R18.
–ï–∑–¥–∏–ª –ø–æ –≥–æ—Ä–æ–¥—É, —ç–ª–µ–∫—Ç—Ä–æ—Å–∏—Å—Ç–µ–º–∞ –≤ –∏–¥–µ–∞–ª—å–Ω–æ–º —Å–æ—Å—Ç–æ—è–Ω–∏–∏ 
–ö—É–∑–æ–≤ –≤–µ—Å—å –≤ —Ä–æ–¥–Ω–æ–º –æ–∫—Ä–∞—Å–µ 
–¶–µ–Ω–∞: 31500$
–ö–æ–Ω—Ç–∞–∫—Ç—ã: +996508507800"
Hyundai Palisade,$39000,https://im.mashina.kg/tachka/images//c/5/a/c5a0f3eb9383c0bdb685859ff34f762c_240x180.jpg,"–ü—Ä–∏–Ω–∏–º–∞—é –≤ –æ–ø–ª–∞—Ç—É —Ä—É–±–ª–∏ –ø–æ –∫—É—Ä—Å—É –ú–ú–í–ë Hyundai Palisade —Å–≤–µ–∂–µ–ø—Ä–∏–≥–Ω–∞–Ω –∏–∑ –Æ–∂–Ω–æ–π –ö–æ—Ä–µ–∏ –ø—Ä–∏–Ω–∏–º–∞—é –æ–ø–ª–∞—Ç—É –≤ –†—É–±–ª—è—Ö
2022, 2.2 diesel —Ç—É—Ä–±–æ, 4WD –ø–æ–ª–Ω—ã–π –ø—Ä–∏–≤–æ–¥
–ë–µ–ª—ã–π –æ–∫—Ä–∞—Å
–ö–æ–º–ø–ª–µ–∫—Ç–∞—Ü–∏—è - Calligraphy 
–†–æ–¥–Ω–æ–π –æ–∫—Ä–∞—Å
–ü—Ä–æ–±–µ–≥ 60000 (—Ä–æ–¥–Ω–æ–π)
- —Ü–∏—Ñ—Ä–æ–≤–æ–π —â–∏—Ç–æ–∫ –ø—Ä–∏–±–æ—Ä–æ–≤
- –ø—Ä–æ–µ–∫—Ü–∏—è –Ω–∞ –ª–æ–±–æ–≤–æ–µ
- –¥–≤–∞ –ø–∞–Ω–æ—Ä–∞–º–Ω—ã—Ö –ª—é–∫–∞, –ø–æ—Ç–æ–ª–æ–∫ –∞–ª—å–∫–∞–Ω—Ç–∞—Ä–∞
- —Ä–æ–∑–µ—Ç–∫–∞ 220 –≤—Ç
- 3 —Ä—è–¥–∞ —Å–∏–¥–µ–Ω–∏–π
- –∫–∞–ø–∏—Ç–∞–Ω—Å–∫–∏–µ —Å–∏–¥–µ–Ω—å—è
- –æ–±–¥—É–≤ –∏ –ø–æ–¥–æ–≥—Ä–µ–≤ –ø–µ—Ä–µ–¥–Ω–∏—Ö –∏ –∑–∞–¥–Ω–∏—Ö —Å–∏–¥–µ–Ω–∏–π, –ø–æ–¥–æ–≥—Ä–µ–≤ —Ä—É–ª—è
- –∫–æ–Ω—Ç—Ä–æ–ª—å —Å–ª–µ–ø—ã—Ö –∑–æ–Ω
- –¥–∞—Ç—á–∏–∫–∏ —Å–ª–µ–∂–µ–Ω–∏—è –ø–æ–ª–æ—Å—ã
- –∫–∞–º–µ—Ä–∞ –æ–±–∑–æ—Ä–∞ 360¬∞
- –º—É–ª—å—Ç–∏–º–µ–¥–∏–π–Ω–∞—è —Å–∏—Å—Ç–µ–º–∞ Krell
- –¥–∞—Ç—á–∏–∫–∏ –ø–∞—Ä–∫–æ–≤–∫–∏ –ø–æ –∫—Ä—É–≥—É
- –¥–∞—Ç—á–∏–∫–∏ —Å–≤–µ—Ç–∞ –∏ –¥–æ–∂–¥—è
- —Å–º–∞—Ä—Ç –∫–ª—é—á, –∞–≤—Ç–æ–∑–∞–≤–æ–¥
- –±–µ—Å–ø—Ä–æ–≤–æ–¥–Ω–∞—è –∑–∞—Ä—è–¥–∫–∞
- —à—Ç–æ—Ä–∫–∏
- –∞–≤—Ç–æ—Å–≤–µ—Ç (–∞–≤—Ç–æ –¥–∞–ª—å–Ω–∏–π-–±–ª–∏–∂–Ω–∏–π)"
Hyundai Grandeur,$14200,https://im.mashina.kg/tachka/images//4/c/8/4c89211f7d10afc7be4f1456c93b0064_240x180.jpg,"Hyundai Grandeur
–ì–æ–¥: 2015
–û–±—ä–µ–º: 2.4 –±–µ–Ω–∑–∏–Ω ! 
–ü—Ä–æ–±–µ–≥: 88 —Ç—ã—Å. –∫–º –æ—Ä–∏–≥–∏–Ω–∞–ª! ( –Ω–µ —Ç–∞–∫—Å–∏ ) 
–ö–ü–ü: –∞–≤—Ç–æ–º–∞—Ç 
–¶–≤–µ—Ç: –±–µ–ª—ã–π –∂–µ–º—á—É–≥ 
–ü—Ä–∏–≤–æ–¥: –ø–µ—Ä–µ–¥–Ω–∏–π
—á–µ—Ä–Ω—ã–π –∫–æ–∂. —Å–∞–ª–æ–Ω,–º–æ–Ω–∏—Ç–æ—Ä,2-—Ö –∑–æ–Ω–Ω—ã–π –∫–ª–∏–º–∞—Ç-–∫–æ–Ω—Ç—Ä–æ–ª—å, –æ–±–æ–≥—Ä–µ–≤ —Ä—É–ª—è, –ø–æ–¥–æ–≥—Ä–µ–≤—ã –∏ –æ–±–¥—É–≤—ã –≤—Å–µ—Ö —Å–∏–¥–µ–Ω–∏–π, –ø–∞–Ω–æ—Ä–∞–º–Ω–∞—è –∫—Ä—ã—à–∞, –∫–∞–º–µ—Ä–∞ –∑–∞–¥ –≤–∏–¥–∞ ,–ø–∞—Ä–∫—Ç—Ä–æ–Ω–∏–∫–∏, –ø–∞–º—è—Ç—å —Å–∏–¥–µ–Ω–∏–π‚Ä¶
Drive mode: Eco, Sport, Comfort.
–ù–æ–≤—ã–µ –∑–∏–º–Ω–∏–µ —à–∏–Ω—ã ! 
–≤ –æ—Ç–ª–∏—á–Ω–æ–º —Å–æ—Å—Ç–æ—è–Ω–∏–∏, –±–µ–∑ –Ω–∏–∫–∞–∫–∏—Ö –≤–ª–æ–∂–µ–Ω–∏–π! 
–¶–µ–Ω–∞: 14200$
–ö–æ–Ω—Ç–∞–∫—Ç—ã: 0556-150006 "
Mercedes-Benz S-–ö–ª–∞—Å—Å AMG,$85000,https://im.mashina.kg/tachka/images//f/5/a/f5a35fd201fa3a9b7f83e6bc7d2c3eb2_240x180.jpg,"–ü—Ä–æ–¥–∞—é Mercedes S63 AMG –∫—É–ø–µ
–ü—Ä–∏–≥–Ω–∞–Ω —Å –ö–æ—Ä–µ–∏
–û–±—ä–µ–º 5.5 –±–∏—Ç—É—Ä–±–æ
–ü—Ä–æ–±–µ–≥ 101—Ö—Ö—Ö –∫–º
–ü–æ–ª–Ω—ã–π –ø—Ä–∏–≤–æ–¥
STAGE 1, –ø—Ä–∏–º–µ—Ä–Ω–æ 650-700 —Å–∏–ª, —Å –≤–æ–∑–º–æ–∂–Ω–æ—Å—Ç—å—é –æ—Ç–∫–∞—Ç–∞ –≤ —Å—Ç–æ–∫
–ê–≤—Ç–æ –≤ –æ—Ç–ª–∏—á–Ω–æ–º —Ç–µ—Ö–Ω–∏—á–µ—Å–∫–æ–º —Å–æ—Å—Ç–æ—è–Ω–∏–∏, —Å–∞–ª–æ–Ω —Ç–∞–∫ –∂–µ –≤ –æ—Ç–ª–∏—á–Ω–æ–º —Å–æ—Å—Ç–æ—è–Ω–∏–∏
–ö—É–∑–æ–≤ –≤ —Ä–æ–¥–Ω–æ–º –æ–∫—Ä–∞—Å–µ
–í—Å–µ —á—Ç–æ –µ—Å—Ç—å –≤ –º–∞—à–∏–Ω–µ, –≤—Å–µ —Ä–∞–±–æ—Ç–∞–µ—Ç.
–ü–æ–ª–Ω–∞—è –∫–æ–º–ø–ª–µ–∫—Ç–∞—Ü–∏—è( –ú–∞—Å—Å–∞–∂ –≥–æ—Ä—è—á–∏–º–∏ –∫–∞–º–Ω—è–º–∏, –∫–∞–º–µ—Ä—ã 360, –ø–∞–º—è—Ç—å —Å–∏–¥–µ–Ω–∏–π, –∞–∫—Ç–∏–≤–Ω—ã–µ —Å–∏–¥–µ–Ω—å—è, –ø—Ä–æ–µ–∫—Ü–∏—è, —É–¥–µ—Ä–∂–∞–Ω–∏–µ –ø–æ–ª–æ—Å—ã, –æ—Ç–∫—Ä—ã–≤–∞–Ω–∏–µ –±–∞–≥–∞–∂–Ω–∏–∫–∞ –Ω–æ–≥–æ–π –∏—Ç–¥)
–¶–µ–Ω–∞ 85000$
–†–∞—Å—Å–º–æ—Ç—Ä—é –≤–∞—Ä–∏–∞–Ω—Ç—ã –æ–±–º–µ–Ω–∞ —Å –¥–æ–ø–ª–∞—Ç–æ–π –≤ –æ–±–µ —Å—Ç–æ—Ä–æ–Ω—ã
+996707990055 ( WhatsApp –∏–º–µ–µ—Ç—Å—è )"
BMW 7 —Å–µ—Ä–∏–∏,$75000,https://im.mashina.kg/tachka/images//1/2/2/122f3d3043b8f302d25615461d0a4090_240x180.jpg,"Bmw 740d xDrive 
–ì–æ–¥ : 2020 
–û–±—ä—ë–º : 3.0(–î–∏–∑–µ–ª—å)
–ü—Ä–æ–±–µ–≥ : 50—Ç—ã—Å.–∫–º 
–¶–≤–µ—Ç : –ë–µ–ª—ã–π 
–¶–≤–µ—Ç —Å–∞–ª–æ–Ω–∞ : –¢–µ—Ä—Ä–∞–∫–æ—Ç 
–ò–∑ –Æ–∂.–ö–æ—Ä–µ–∏ üá∞üá∑
–ö–∞–º–µ—Ä—ã –æ–±–∑–æ—Ä–∞ 360 
–õ–∞–∑–µ—Ä —Ñ–∞—Ä—ã 
–ü–æ–ª–Ω—ã–π –ú-–ø–∞–∫–µ—Ç 
–ú–∞—Å—Å–∞–∂ —Å–∏–¥–µ–Ω–∏–π 
–ê—Å—Å–∏—Å—Ç–µ–Ω—Ç –ø–∞—Ä–∫–æ–≤–∫–∏ 
–£–¥–µ—Ä–∂–∞–Ω–∏–µ –ø–æ–ª–æ—Å—ã –¥–≤–∏–∂–µ–Ω–∏—è 
–°–∏—Å—Ç–µ–º–∞ –∞–Ω—Ç–∏ –∞–≤–∞—Ä–∏–π–Ω–æ–≥–æ —Å—Ç–æ–ª–∫–Ω–æ–≤–µ–Ω–∏–µ 
–ò –º–Ω–æ–≥–æ –¥—Ä—É–≥–æ–µ –¥–ª—è –∫–æ–º—Ñ–æ—Ä—Ç–Ω–æ–π –∏ –±–µ–∑–æ–ø–∞—Å–Ω–æ—Å—Ç–∏ –µ–∑–¥—ã ! 
–°–∞–º–∞—è –ø–æ–ª–Ω–∞—è –∫–æ–º–ø–ª–µ–∫—Ç–∞—Ü–∏—è ! 
–°–æ—Å—Ç–æ—è–Ω–∏–µ –Ω–æ–≤–æ–≥–æ –∞–≤—Ç–æ–º–æ–±–∏–ª—è ! 
–¶–µ–Ω–∞ : 75.000$ 
–¢–µ–ª–µ—Ñ–æ–Ω : +996500121200"
BMW X5,$67000,https://im.mashina.kg/tachka/images//7/7/5/775cc797400f9fb8f060c94b81d7fbb8_240x180.jpg,"BMW X5 G05
–ü–æ–∫—É–ø–∞–ª—Å—è —É –æ—Ñ–∏—Ü–∏–∞–ª—å–Ω–æ–≥–æ –¥–∏–ª–µ—Ä–∞ BMW Estocada –ë–∏—à–∫–µ–∫
–ì–æ–¥: 2019
–ü—Ä–æ–±–µ–≥: 55—Ç—ã—Å –∫–º
–û–±—ä–µ–º: 3.0 –¥–∏–∑–µ–ª—å 
–í—ã–¥–≤–∏–∂–Ω—ã–µ –ø–æ—Ä–æ–≥–∏, –•—Ä—É—Å—Ç–∞–ª—å–Ω—ã–µ —ç–ª–µ–º–µ–Ω—Ç—ã –≤ —Å–∞–ª–æ–Ω–µ Swarovski, –∂–µ—Å—Ç—ã —É–ø—Ä–∞–≤–ª–µ–Ω–∏—è –º—É–ª—å—Ç–∏–º–µ–¥–∏–µ–π, –¥–∏—Å—Ç—Ä–æ–Ω–∏–∫, –¥–∞—Ç—á–∏–∫ —Å–ª–µ–ø—ã—Ö –∑–æ–Ω, –ø–∞–Ω–æ—Ä–∞–º–∞, Laser- –æ–ø—Ç–∏–∫–∞
–°–æ—Å—Ç–æ—è–Ω–∏–µ –∏–¥–µ–∞–ª—å–Ω–æ–µ!!
–î–∏—Å–∫–∏ R20 –Ω–∞ –Ω–æ–≤–æ–π –∑–∏–º–Ω–µ–π —Ä–µ–∑–∏–Ω–µ Michelin Ice-North 4
–û–±—Å–ª—É–∂–∏–≤–∞–ª–∞—Å—å —É –æ—Ñ–∏—Ü–∏–∞–ª—å–Ω–æ–≥–æ –¥–∏–ª–µ—Ä–∞
–í —Ä–æ–¥–Ω–æ–º –æ–∫—Ä–∞—Å–µ 
–¶–µ–Ω–∞: 67.000$
–ö–æ–Ω—Ç–∞–∫—Ç—ã: +996557655555"
Lexus UX,$24900,https://im.mashina.kg/tachka/images//d/e/a/deafe53d44a5ae6b2ccddc82ac2d47a3_240x180.jpg,–û–ø–∏—Å–∞–Ω–∏–µ –æ—Ç—Å—É—Ç—Å—Ç–≤—É–µ—Ç
Toyota Camry,$21000,https://im.mashina.kg/tachka/images//1/3/e/13ebd28a6209d89b6119bb64ca1cb4a9_240x180.jpg,"–°—Ä–æ—á–Ω–æ!
–ü—Ä–æ–¥–∞—é –º–∞—à–∏–Ω—É –ø–æ –ø—Ä–∏—á–∏–Ω–µ —Ö–æ—á—É –¥—Ä—É–≥—É—é –∫—É–ø–∏—Ç—å.
–ú–∞—à–∏–Ω–∞ –≤ –∏–¥–µ–∞–ª—å–Ω–æ–º —Å–æ—Å—Ç–æ—è–Ω–∏–∏.
–ö–æ–º–ø–ª–µ–∫—Ç–∞—Ü–∏—è –ø–æ—á—Ç–∏ –ø–æ–ª–Ω–∞—è XSE (–Ω–µ—Ç —Ç–æ–ª—å–∫–æ –ø—Ä–æ–µ–∫—Ü–∏–∏)
–ü–∞–Ω–æ—Ä–∞–º–Ω—ã–π –ª—é–∫ –µ—Å—Ç—å
–í—Å—ë —Å–≤–æ–µ–≤—Ä–µ–º–µ–Ω–Ω–æ –æ–±—Å–ª—É–∂–∏–≤–∞–ª–æ—Å—å.
–°–¥–µ–ª–∞–Ω–∞ –ø–æ–ª–Ω–∞—è —à—É–º–æ-–≤–∏–±—Ä–æ–∏–∑–æ–ª—è—Ü–∏—è.
–ö–∞—Ä—Ñ–∞–∫—Å —Å–ª–∏—à–∫–æ–º –ª–µ–≥–∫–∏–π (–±–∞–≥–∞–∂–Ω–∏–∫ —Ç–æ–ª—å–∫–æ).
–í –∏–¥–µ–∞–ª—å–Ω–æ–º —Å–æ—Å—Ç–æ—è–Ω–∏–∏.
–ü—Ä–æ—Å—Ç–æ —Å–µ–ª –∏ –ø–æ–µ—Ö–∞–ª!
–•–æ—Ä–æ—à–∏–π —Ç–æ—Ä–≥ –±—É–¥–µ—Ç —É –∫–∞–ø–æ—Ç–∞!
–í –±–æ–Ω—É—Å –∫–æ–º–ø–ª–µ–∫—Ç –ª–µ—Ç–Ω–∏—Ö —à–∏–Ω!"
Lexus GX,$65000,https://im.mashina.kg/tachka/images//a/a/d/aada503be4141f8849b0e82d779baa8b_240x180.jpg,"LEXUS GX460
2021 –≥–æ–¥, –æ–±–µ–º 4.6 –±–µ–Ω–∑–∏–Ω 
–ü—Ä–æ–±–µ–≥ 61500 –∫–º
–§ —Å–ø–æ—Ä—Ç, 6 –º–µ—Å—Ç, —á–µ—Ä–Ω—ã–π –∫–æ–∂–∞–Ω—ã–π —Å–∞–ª–æ–Ω
–ß–µ—Ä–Ω—ã–π –ø–æ—Ç–æ–ª–æ–∫, –≤—Å–µ –æ–ø—Ü–∏–π. 
–ü–æ–ª–Ω–æ–µ –¢–û –ø—Ä–æ–π–¥–µ–Ω–æ
–í–ª–æ–∂–µ–Ω–∏–π –Ω–µ —Ç—Ä–µ–±—É–µ—Ç ! 
–¶–µ–Ω–∞: 65000$ 
–í–æ–∑–º–æ–∂–Ω—ã –í–∞—Ä–∏–∞–Ω—Ç—ã !
–¢–µ–ª 0555 555 145 W/app "
Cadillac Escalade,$105000,https://im.mashina.kg/tachka/images//9/3/4/934b31dd943da89c9aa3b176b35d3db4_240x180.jpg,"CADILLAC ESCALADE (LONG) 
–ì–æ–¥ –≤—ã–ø—É—Å–∫–∞: 2020 
–û–±—ä–µ–º –¥–≤–∏–≥–∞—Ç–µ–ª—è: 6.2
–ü—Ä–æ–±–µ–≥: 38.000 –ö–ú
–¶–≤–µ—Ç –∫—É–∑–æ–≤–∞: –ß–µ—Ä–Ω—ã–π
–û—Ç–¥–µ–ª–∫–∞ —Å–∞–ª–æ–Ω–∞: –ß–µ—Ä–Ω–∞—è –ø–µ—Ä—Ñ–æ—Ä–∏—Ä–æ–≤–∞–Ω–Ω–∞—è –∫–æ–∂–∞
–ö–æ–º–ø–ª–µ–∫—Ç–∞—Ü–∏—è —Å–∞–º–∞—è –ø–æ–ª–Ω–∞—è: –ú–æ–Ω–∏—Ç–æ—Ä, –∫–∞–º–µ—Ä–∞ –∑–∞–¥–Ω–µ–≥–æ –≤–∏–¥–∞, –ø–æ–¥–æ–≥—Ä–µ–≤ –≤—Å–µ—Ö —Å–∏–¥–µ–Ω–∏–π, —É–ø—Ä–∞–≤–ª–µ–Ω–∏–µ –∞—É–¥–∏–æ—Å–∏—Å—Ç–µ–º–æ–π –Ω–∞ —Ä—É–ª–µ, –∏ –º–Ω–æ–≥–æ–µ –¥—Ä—É–≥–æ–µ!
–ù–∞ –Ω–æ–≤–æ–π –∑–∏–º–Ω–µ–π —Ä–µ–∑–∏–Ω–µ (–õ–∏–ø—É—á–∫–∏)
–°–æ—Å—Ç–æ—è–Ω–∏–µ –∞–≤—Ç–æ–º–æ–±–∏–ª—è: –ò—Å–∫–ª—é—á–∏—Ç–µ–ª—å–Ω–æ–µ, –±–µ–∑ –≤–ª–æ–∂–µ–Ω–∏–π.
–ú–∞—à–∏–Ω–∞ –ø–æ—Å–ª–µ –¥–µ—Ç–µ–π–ª–∏–Ω–≥ –ø—Ä–æ—Ü–µ–¥—É—Ä-( –ö–µ—Ä–∞–º–∏–∫–∞, –•–∏–º—á–∏—Å—Ç–∫–∞, –ü–æ–ª–∏—Ä–æ–≤–∫–∞, –û–±–∫–ª–µ–µ–Ω–∞ –≤ –±—Ä–æ–Ω—å –ø–ª–µ–Ω–∫—É –ó–æ–Ω—ã —Ä–∏—Å–∫–∞ 2, –ü–æ–ª–Ω–æ—Å—Ç—å—é –≤ –®—É–º–∫–µ –≤ 3 —Å–ª–æ—è) 
–ó–∞–º–µ–Ω–∏–ª–∏ –≤—Å–µ –º–∞—Å–ª–∞ –∏ —Ñ–∏–ª—å—Ç—Ä–∞ 
–ú–∞—à–∏–Ω–∞ –ø–æ—Å–ª–µ –ø–æ–ª–Ω–æ–≥–æ –¢–û 
–ú–∞—à–∏–Ω—É –ø–æ–∫—É–ø–∞–ª–∏ –Ω–æ–≤—ã–º —É –æ—Ñ–∏—Ü–∏–∞–ª—å–Ω–æ–≥–æ –¥–∏–ª–µ—Ä–∞ Cadillac-Almaty KZ
–ú–∞—à–∏–Ω–∞ –±–µ–∑ –∫—Ä–∞—à–µ–Ω—ã—Ö –¥–µ—Ç–∞–ª–µ–π 
–û–ë–ú–ï–ù –ù–ê TLC 300/LX600  —Å –º–æ–µ–π –¥–æ–ø–ª–∞—Ç–æ–π 
–¶–µ–Ω–∞: 105-000 $ 
–¢–µ–ª: 0755 696666"
Hyundai Grandeur,$45000,https://im.mashina.kg/tachka/images//3/a/2/3a265bd77004fa91f59d2a7dc037aceb_240x180.jpg,"Hyundai Grandeur
–ì–æ–¥: 2023
–û–±—ä–µ–º: 3.5 –≥–∞–∑
–ü—Ä–æ–±–µ–≥: 14—Ç—ã—Å. –∫–º –æ—Ä–∏–≥–∏–Ω–∞–ª!
–ö–ü–ü: –∞–≤—Ç–æ–º–∞—Ç 8—Å—Ç
–¶–≤–µ—Ç: —á–µ—Ä–Ω—ã–π,
–ü—Ä–∏–≤–æ–¥: –ø–µ—Ä–µ–¥–Ω–∏–π
–ö–æ—Ä–∏—á–Ω–µ–≤—ã–π –∫–æ–∂. —Å–∞–ª–æ–Ω, –ë–æ–ª—å—à–æ–π –º–æ–Ω–∏—Ç–æ—Ä 12.3, —Å–µ–Ω—Å–æ—Ä–Ω–∞—è –ø–∞–Ω–µ–ª—å 2-—Ö –∑–æ–Ω–Ω–æ–≥–æ –∫–ª–∏–º–∞—Ç-–∫–æ–Ω—Ç—Ä–æ–ª—å, –æ–±–æ–≥—Ä–µ–≤ —Ä—É–ª—è, –ø–æ–¥–æ–≥—Ä–µ–≤—ã –∏ –æ–±–¥—É–≤—ã —Å–∏–¥–µ–Ω–∏–π, –ø–∞–Ω–æ—Ä–∞–º–Ω–∞—è –∫—Ä—ã—à–∞, –∫–∞–º–µ—Ä—ã 360, –ø–∞—Ä–∫—Ç—Ä–æ–Ω–∏–∫–∏,
Drive mode: Eco, Sport, Comfort.
–¶–µ–Ω–∞: 45000$
–ö–æ–Ω—Ç–∞–∫—Ç—ã: +996 888 200 000"
Kia Mohave (Borrego),$39999,https://im.mashina.kg/tachka/images//7/0/0/700bf20ee5d3fa0913ff7bd5360718d7_240x180.jpg,"KIA MOHAVE 
–ì–æ–¥ –≤—ã–ø—É—Å–∫–∞: 2021 
–û–±—ä–µ–º –¥–≤–∏–≥–∞—Ç–µ–ª—è: 3.0
–¢–æ–ø–ª–∏–≤–æ: –¥–∏–∑–µ–ª—å
–ü—Ä–æ–±–µ–≥: 30.000–∫–º  
–ü—Ä–∏–≤–æ–¥: –ü–æ–ª–Ω—ã–π 
–ß–µ—Ä–Ω—ã–π –∫–æ–∂–∞–Ω—ã–π —Å–∞–ª–æ–Ω –≤ –æ—Ç–ª–∏—á–Ω–æ–º —Å–æ—Å—Ç–æ—è–Ω–∏–∏, 3-—Ö –∑–æ–Ω–Ω—ã–π –∫–ª–∏–º–∞—Ç –∫–æ–Ω—Ç—Ä–æ–ª—å, 3 —Ä—è–¥–∞ —Å–∏–¥–µ–Ω–∏–π, —ç–ª–µ–∫—Ç—Ä–æ –ø—Ä–∏–≤–æ–¥ –±–∞–≥–∞–∂–Ω–∏–∫–∞, –ø–æ–¥–æ–≥—Ä–µ–≤ –≤—Å–µ—Ö —Å–∏–¥–µ–Ω–∏–π, –æ–±–¥—É–≤ –ø–µ—Ä–µ–¥–Ω–∏—Ö —Å–∏–¥–µ–Ω–∏–π, –ø–æ–¥–æ–≥—Ä–µ–≤ —Ä—É–ª—è, –∫–∞–º–µ—Ä–∞ –∫—Ä—É–≥–æ–≤–æ–≥–æ –æ–±–∑–æ—Ä–∞ 360, –ø–∞—Ä–∫—Ç—Ä–æ–Ω–∏–∫–∏, –±–µ—Å–ø—Ä–æ–≤–æ–¥–Ω–∞—è –∑–∞—Ä—è–¥–∫–∞,  –æ–±–æ–≥—Ä–µ–≤ –∑–µ—Ä–∫–∞–ª, –±–æ–ª—å—à–æ–π –º–æ–Ω–∏—Ç–æ—Ä, –∫–∞–º–µ—Ä–∞ –∑–∞–¥–Ω–µ–≥–æ –≤–∏–¥–∞, —Ä–µ–∂–∏–º—ã –µ–∑–¥—ã, –∞–≤—Ç–æ –≤–∫–ª—é—á–µ–Ω–∏–µ –¥–∞–ª—å–Ω–µ–≥–æ —Å–≤–µ—Ç–∞, –¥–∞—Ç—á–∏–∫ —Å–ª–µ–ø—ã—Ö –∑–æ–Ω, –∫–æ–Ω—Ç—Ä–æ–ª—å –ø–æ–ª–æ—Å, –¥–∏—Å—Ç—Ä–æ–Ω–∏–∫, –∞–¥–∞–ø—Ç–∏–≤–Ω—ã–π –∫—Ä—É–∏–∑ –∫–æ–Ω—Ç—Ä–æ–ª—å, –±–µ–∑–∫–ª—é—á–µ–≤–æ–π –¥–æ—Å—Ç—É–ø, Push Start, –≤—Å–µ —Å—Ç–µ–∫–ª–∞ —Ä–æ–¥–Ω—ã–µ –≤–ø–ª–æ—Ç—å –¥–æ –ª–æ–±–æ–≤–æ–≥–æ, –ª—é–∫, –æ—Ç–¥–µ–ª–∫–∏ —Å–∞–ª–æ–Ω–∞ –ê–ª—å–∫–∞–Ω—Ç–∞—Ä–∞, —ç–ª–µ–∫—Ç—Ä–æ–Ω–Ω—ã–π —â–∏—Ç –ø—Ä–∏–±–æ—Ä, –ø–∞–º—è—Ç—å —Å–∏–¥–µ–Ω–∏–π, –ø—Ä–µ–º–∏—É–º –∞–∫—É—Å—Ç–∏–∫–∞ ¬´Lexicon¬ª, –î–í–ê –ö–õ–Æ–ß–ê!
VIN: KNAKR814DMA226027
–ê–≤—Ç–æ –≤ –æ—Ç–ª–∏—á–Ω–æ–º —Å–æ—Å—Ç–æ—è–Ω–∏–∏! –í –ø–æ–ª–Ω–æ–π –∫–æ–º–ø–ª–µ–∫—Ç–∞—Ü–∏–∏! 
–†–∞—Å—Ç–∞–º–æ–∂–µ–Ω–∞ –∏ –û—Ñ–æ—Ä–º–ª–µ–Ω–∞! 
–¶–µ–Ω–∞: 39.999$ 
–ö–æ–Ω—Ç–∞–∫—Ç—ã: 0502102104 "
